Far Left,Left-of-centre,Centre,Centre Right,Far Right
https://www.dailykos.com/stories/2019/11/3/1896915/-Kellyanne-Conway-just-rejected-democracy?utm_campaign=trending,https://www.nytimes.com/interactive/2019/11/02/us/politics/trump-twitter-disinformation.html?action=click&module=Top%20Stories&pgtype=Homepage,https://www.cnn.com/2019/11/02/politics/trump-ufc-fight-madison-square-garden/index.html,https://thehill.com/latino/461418-eric-holder-democrats-do-have-to-understand-that-borders-do-mean-something,https://www.breitbart.com/europe/2018/02/16/culture-shock-italians-aghast-as-immigrants-barbecue-dog-at-welcome-center/
https://www.dailykos.com/stories/2019/11/2/1896876/-Trump-booed-at-UFC-fight-at-Madison-Square-Gardens?utm_campaign=trending,https://www.cnn.com/2019/08/22/opinions/nazi-salute-deep-betrayal-of-america/index.html,https://www.cnn.com/2019/11/02/europe/nazi-emergency-dresden-grm-intl/index.html,https://thehill.com/opinion/immigration/458963-a-nation-of-laws-with-immigration-only-when-its-convenient-for-democrats,https://www.breitbart.com/politics/2019/06/23/eleven-2020-democrats-back-health-care-illegal-immigrants/
https://www.alternet.org/2019/11/the-problem-isnt-polarization-republicans-have-lost-their-damn-minds/,https://www.cnn.com/2019/11/01/health/ice-detained-doctors/index.html,https://www.nbcnews.com/news/us-news/help-homeless-or-criminalize-them-las-vegas-debates-public-sleeping-n1075111,https://thehill.com/opinion/immigration/456793-the-depressing-futility-of-ice-workplace-raids,https://www.breitbart.com/politics/2015/07/19/federal-reserve-illegal-immigrants-take-teenagers-summer-jobs/
https://www.huffpost.com/entry/georgia-women-abortion-bill_n_5cf2fcb6e4b0a1997b6b68a7,https://www.cnn.com/2019/11/03/politics/trump-kids-international-deals-fact-check/index.html,https://www.nbcnews.com/news/us-news/new-hampshire-couple-camping-texas-went-missing-their-bodies-were-n1075641,https://thehill.com/opinion/immigration/455126-ann-coulter-how-we-became-the-worlds-suckers-on-immigration,https://www.breitbart.com/border/2014/06/17/illegal-immigrants-treated-better-than-homeless-in-us/
https://www.huffpost.com/entry/kirsten-gillibrand-compares-anti-abortion-views-to-racism_n_5cfff82be4b0e7e7816e8426,https://www.cnn.com/2019/10/22/politics/trump-emoluments-lawsuit-doral-democrats/index.html,https://www.cnn.com/2019/11/03/us/survivor-contestant-dies/index.html,https://www.foxnews.com/politics/doj-announces-spike-in-prosecution-of-immigration-related-offenses-highest-on-record,https://www.breitbart.com/border/2018/03/01/cato-illegal-immigrants-likely-commit-crimes-ones-came-legally/
https://www.huffpost.com/entry/socialism-boomers_n_5b59d206e4b0de86f49449ea,https://www.cnn.com/2019/11/03/politics/andrew-yang-medicare-for-all-private-insurance/index.html,https://bleacherreport.com/articles/2860960-dominant-defense-in-florida-win-secures-georgias-place-as-cfp-contender,https://www.foxnews.com/sports/transgender-cyclist-rachel-mckinnon,https://www.breitbart.com/politics/2019/08/16/in-mississippi-francis-beto-orourke-mad-at-donald-trump-for-terrifying-illegal-immigrants/
https://www.huffpost.com/entry/capitalism-betrayal-working-class_n_5ad6476ae4b016a07ea15354,https://www.nytimes.com/2019/11/02/us/politics/beto-orourke.html,https://www.cnn.com/2019/10/25/business/mcdonalds-popeyes-chick-fil-a-chicken-sandwich/index.html,https://thehill.com/homenews/state-watch/468244-georgia-republican-seeks-to-make-it-a-felony-for-doctors-to-provide,https://www.breitbart.com/politics/2015/07/07/illegal-immigrants-accounted-for-nearly-37-percent-of-federal-sentences-in-fy-2014/
https://www.theguardian.com/uk-news/2019/aug/27/immigration-panic-how-the-west-fell-for-manufactured-rage,https://www.nytimes.com/2019/11/03/us/politics/adam-schiff-trump-impeachment.html,https://www.npr.org/2019/11/02/774791091/residents-of-an-eroded-alaskan-village-are-pioneering-a-new-one-in-phases,https://thehill.com/blogs/blog-briefing-room/news/467327-texas-investigating-parental-dispute-into-whether-7-year-old-is,https://www.breitbart.com/politics/2019/10/22/ap-norc-poll-majority-of-u-s-voters-say-immigrants-are-not-assimilating/
https://www.huffpost.com/entry/opinion-patterson-fascism-trump_n_5b61e404e4b0fd5c73d58e14,https://www.nytimes.com/2019/11/02/us/antisocial-andrew-marantz-interview.html,https://www.npr.org/2019/11/02/775705225/most-california-fires-over-70-contained-as-ventura-firefighters-contend-with-dro,https://thehill.com/homenews/administration/468675-white-house-halloween-party-had-station-for-children-to-help-build,https://www.redstate.com/diary/davenj1/2019/10/08/tip-criminal-illegal-immigrant-iceberg/
,https://www.nytimes.com/2019/11/02/us/politics/russian-harassment-american-attache.html,https://www.npr.org/2019/11/02/775553377/3-takeaways-from-2-days-of-tense-boeing-congressional-hearings,https://thehill.com/opinion/energy-environment/468677-who-is-holding-up-the-war-on-global-warming-you-may-be-surprised,https://www.redstate.com/streiff/2019/07/23/ilhan-omar-seems-determined-make-minnesota-vote-republican/
,https://www.npr.org/2019/11/02/775692075/when-nationals-visit-the-white-house-sports-and-politics-will-intersect-once-aga,https://www.npr.org/2019/11/01/775621356/calif-governor-seeks-to-jumpstart-pg-e-bankruptcy-talks-threatens-state-takeover,https://www.foxnews.com/us/ice-man-accused-of-shooting-transgender-woman-was-previously-deported,https://www.redstate.com/streiff/2019/08/26/illegals-make-living-criticizing-ice-shocked-find-deported/
,https://www.npr.org/2019/10/25/773334681/devos-held-in-contempt-of-court-ed-department-fined-100-000-in-student-loan-case,https://www.npr.org/2019/10/31/774838891/its-a-smartphone-life-more-than-half-of-u-s-children-now-have-one,https://www.foxnews.com/opinion/aoc-california-wildfires-government-climate-change-daniel-turner,https://www.redstate.com/elizabeth-vaughn/2019/08/06/somalis-entered-us-obama-era-program-charged-terrorism-plan-behead-non-believers-islam-like-animals/
,https://www.npr.org/2019/10/08/767205198/the-things-parents-dont-talk-about-with-their-kids-but-should,https://www.npr.org/sections/goatsandsoda/2019/10/25/771427782/how-undercover-journalists-exposed-west-africas-sex-for-grades-scandal,https://www.foxnews.com/us/alabama-abortion-bill-adoption-debate,https://www.breitbart.com/politics/2017/06/15/immigration-pushes-property-prices-spurs-american-migration-southwards/
,https://www.nytimes.com/2019/11/02/us/politics/nationals-parade-washington.html,https://www.npr.org/2019/10/22/772443604/new-charges-against-lori-loughlin-and-10-other-parents-in-admissions-case,https://thehill.com/opinion/healthcare/435624-2020-dems-stances-abortion-unjust-and-ignorant,https://www.breitbart.com/politics/2019/11/02/transgender-clinics-prescribe-testosterone-like-candy-says-gay-author/
,https://www.nytimes.com/2019/11/02/us/politics/iowa-poll-highlights.html,https://www.npr.org/2019/10/09/768591310/school-districts-sue-juul-saying-student-vaping-drains-resources,https://www.foxnews.com/us/satanic-temple-challenges-missouri-abortion-law,https://www.breitbart.com/politics/2019/11/01/transgender-groups-jeer-feminists-pro-biology-speech/
,https://www.nytimes.com/2019/11/02/us/politics/this-weeks-3-top-impeachment-developments.html,https://www.npr.org/2019/11/01/775419131/google-buys-fitbit-for-2-1-billion-pledges-to-protect-health-data,https://www.foxnews.com/politics/hillary-clinton-alabama-abortion-ban,https://www.breitbart.com/the-media/2019/10/30/left-embraces-science-denialism-bolster-transgender-claims-says-science-editor/
,https://www.nytimes.com/2019/11/02/us/politics/2020-race-beto-warren.html,https://www.npr.org/sections/goatsandsoda/2019/11/01/774754244/how-75-000-abandoned-cabbages-inspired-a-huge-online-forum-for-farmers-in-africa,https://www.foxnews.com/politics/california-newsom-abortion-pill-college-campus-students-for-life-america-lawsuit,https://www.breitbart.com/politics/2019/10/25/no-credible-scientific-evidence-support-puberty-blockers-transgender-children/
,https://www.nytimes.com/interactive/2019/11/01/opinion/trump-2020-election.html,https://www.npr.org/2019/11/01/775121995/job-market-resilient-in-october-despite-gm-strike-beating-expectations,https://www.politico.com/news/2019/11/03/trump-campaign-2020-branding-064443,https://www.breitbart.com/economy/2018/11/13/victoria-secret-executives-hope-use-a-transgender-model-in-show/
,https://www.theguardian.com/commentisfree/2019/nov/02/facebook-twitter-donald-trump-lies,https://www.npr.org/2019/10/31/774994474/fiat-chrysler-and-peugeot-agree-on-merger-to-create-4th-largest-car-maker,https://www.politico.com/news/2019/11/02/beto-orourke-campaign-064385,https://www.breitbart.com/politics/2019/10/31/austin-school-board-approves-radical-lgbt-sex-ed-curriculum/
,https://www.cnn.com/2019/10/31/opinions/house-impeachment-process-vote-report-card-lockhart/index.html,https://www.npr.org/2019/10/29/774391189/nations-largest-coal-producer-and-trump-booster-files-for-bankruptcy,https://www.politico.com/news/2019/11/01/trump-impeachment-rally-mississippi-064285,https://www.redstate.com/brandon_morse/2019/10/07/thousands-underwent-transition-surgery-gender-dysphoria-now-want-reversals/
,https://www.theatlantic.com/ideas/archive/2019/11/why-impeachment-inquiry-legally-legitimate/601165/,https://www.npr.org/2019/10/29/774395247/23-senators-demand-investigation-into-mismanagement-of-student-loan-program,https://www.politico.com/news/2019/11/02/in-iowa-biden-confronts-a-growing-threat-pete-buttigieg-064382,https://www.redstate.com/diary/kentucky_dana/2019/07/20/philadelphia-police-now-required-lie/
,https://finance.yahoo.com/news/trumps-head-amazons-cloud-bezos-214919626.html,https://www.npr.org/2019/10/30/774726286/facebook-takes-down-accounts-tied-to-russian-businessman-behind-troll-factory,https://www.politico.com/news/2019/11/01/kamala-harris-new-hampshire-offices-063902,https://www.redstate.com/bradslager/2019/05/17/hospital-comes-social-justice-fire-not-assuming-man-pregnant/
,https://www.realclearpolitics.com/2019/10/31/impeachment_starts_for_real--republicans_wont_like_it_491092.html,https://www.npr.org/2019/10/21/770280447/a-soccer-team-in-denmark-is-using-facial-recognition-to-stop-unruly-fans,https://www.politico.com/news/2019/10/31/democrats-end-impeachment-testimony-063225,https://www.redstate.com/alexparker/2019/02/28/nypd-police-cops-ms-13-targeting-homes/
,,https://www.npr.org/2019/10/30/774865522/twitter-to-halt-political-ads-in-contrast-to-facebook,https://pjmedia.com/rogerlsimon/dems-impeachment-charade-a-disaster-for-them-not-the-american-people/,https://www.redstate.com/slee/2019/06/10/paradigm-shift-migrant-rights-activists-led-caravans-charged-human-trafficking/
,,https://www.npr.org/2019/10/30/774691659/mr-robot-creator-says-his-own-anxiety-and-hacking-helped-inspire-the-show,https://www.realclearpolitics.com/articles/2019/10/31/is_california_becoming_premodern_141625.html,https://www.breitbart.com/europe/2017/09/16/hungary-builds-a-wall-cuts-illegal-immigration-by-over-99-per-cent/
,,https://www.npr.org/2019/10/26/773706177/pentagon-awards-10-billion-contract-to-microsoft-over-front-runner-amazon,https://www.washingtonexaminer.com/opinion/sen-rick-scott-we-need-to-fight-for-the-values-that-made-america-great?utm_source=In%20Our%20Opinion_10/28/2019&utm_medium=email&utm_campaign=WEX_In%20Our%20Opinion&rid=22789981,https://www.breitbart.com/politics/2019/01/08/donald-trump-people-build-walls-because-they-love-the-people-on-the-inside/
,,https://www.nytimes.com/2019/11/01/us/saiorse-kennedy-hill-overdose.html,https://www.foxnews.com/opinion/newt-gingrich-pelosi-impeachment-vote-defeat,https://www.redstate.com/california_yankee/2019/07/22/abortion-barbie-challenges-rep.-chip-roy
,,https://www.nbcnews.com/think/opinion/katie-hill-resigned-because-revenge-porn-smear-s-success-puts-ncna1075126,https://newrepublic.com/article/155539/warrens-plan-that-slogan-getting-old,https://www.redstate.com/alexparker/2019/03/23/leana-wen-planned-parenthood-comedy-central-trevor-noah-trump-nightmare-badge-honor/
,,https://www.theguardian.com/environment/2019/oct/16/climate-crisis-america-guardian-editor-john-mulholland,https://www.washingtonexaminer.com/politics/army-versus-marines-as-afghanistan-hero-seeks-to-win-pennsylvania-seat-for-gop,https://www.redstate.com/brandon_morse/2019/10/24/abortion-clinic-asks-ambulance-drive-no-sirens-not-draw-attention-botched-abortion/
,,https://www.nbcnews.com/news/us-news/four-dead-four-injured-northern-california-halloween-house-party-shooting-n1075056,https://www.washingtonexaminer.com/opinion/columnists/the-adam-schiff-empowerment-act,https://www.redstate.com/alexparker/2019/06/20/trump-takes-strong-stance-abortion-murder-re-election-kickoff-every-life-sacred-gift-god/
,,,,https://www.breitbart.com/politics/2019/09/10/watch-nurse-testifies-infants-surviving-abortion-left-to-die-in-hospital-soiled-utility-room/
,,,,https://www.redstate.com/darth641/2019/05/16/life-begin-another-chance-decide/
,,,,https://www.redstate.com/streiff/2019/04/06/aoc-gets-mad-daily-wire-reporter-actually-breaks-law/
,,,,https://www.redstate.com/streiff/2019/03/26/mitch-mcconnell-exposed-green-new-deal-typical-democrat-fraud/
,,,,https://www.breitbart.com/politics/2015/08/08/climate-change-the-hoax-that-costs-us-4-billion-a-day/
,,,,https://www.redstate.com/streiff/2019/03/26/mitch-mcconnell-exposed-green-new-deal-typical-democrat-fraud/
,,,,https://live-legacy-auth.dailywire.com/news/52151/walsh-greta-thunberg-child-abuse-victim-matt-walsh
,,,,https://live-legacy-auth.dailywire.com/news/52156/flashback-heres-how-left-treated-16-year-old-nick-amanda-prestigiacomo
,,,,https://www.breitbart.com/politics/2015/02/25/trump-vaccine-dosage-linked-to-autism/
,,,,https://www.redstate.com/elizabeth-vaughn/2019/01/12/soros-tied-group-demand-justice-best-known-leading-fight-kavanaugh-raising-funds-block-border-wall/
,,,,https://www.breitbart.com/environment/2019/09/28/george-soros-emerges-as-major-funder-of-global-climate-strike-groups/
,,,,https://www.redstate.com/bonchie/2019/07/25/media-outlet-finally-notices-extensive-connections-jeffrey-epstein-bill-clinton/
,,,,https://www.breitbart.com/politics/2016/04/18/another-hillary-clinton-coughing-fit-morning-show-interview/
,,,,https://www.breitbart.com/politics/2015/03/04/hillary-clintons-long-history-of-hiding-documents/
,,,,https://www.breitbart.com/politics/2015/09/26/washington-post-confirms-hillary-clinton-started-the-birther-movement/
,,,,https://www.breitbart.com/europe/2017/03/15/turkeys-erdogan-says-europe-drowning-in-fear-of-muslims-blames-dutch-for-srebrenica-massacre/
,,,,https://www.redstate.com/diary/davenj1/2019/06/30/myth-liberal-secular-muslim/
,,,,https://www.redstate.com/elizabeth-vaughn/2019/05/22/dogs-not-welcome-growing-calls-muslims-accommodate-hatred-dogs/
,,,,https://www.redstate.com/elizabeth-vaughn/2019/07/29/tough-call-liberals-veiled-muslim-woman-shouts-god-created-adam-eve-not-adam-steve-lgbt-activist/
,,,,https://www.realclearpolitics.com/articles/2019/11/01/why_kids_are_socialists_and_how_to_start_fixing_it_141640.html
,,,,https://townhall.com/columnists/bradparscale/2019/11/01/democrats-want-to-limit-free-speech-regain-an-iron-grip-on-the-narrative-n2555740
,,,,https://thefederalist.com/2019/11/01/the-washington-post-terrible-horrible-no-good-very-bad-week/
,,,,https://nypost.com/2019/10/31/goodwin-a-tragedy-for-the-nation-and-democracy/